age,education_level,years_experience,num_projects,certifications,github_contributions,hacker_rank_score,job_level
58,1,15,19,2,287,51,1
48,0,13,28,1,976,46,2
34,1,15,3,8,104,6,1
27,2,4,6,0,227,10,2
40,2,8,27,6,246,60,1
58,0,1,27,4,699,67,1
38,1,17,3,7,493,24,1
42,0,5,21,3,82,11,0
30,0,8,11,6,185,25,1
30,1,0,44,4,251,11,0
43,1,8,2,4,354,42,0
55,1,15,21,8,749,50,1
59,2,12,43,8,871,36,2
43,0,8,1,8,695,45,2
22,0,12,23,5,795,52,2
41,2,8,33,5,896,87,1
21,1,10,26,4,937,79,2
43,2,3,40,8,209,12,0
49,2,1,0,9,815,88,2
57,2,5,7,7,807,53,1
21,0,13,22,6,608,56,2
40,2,3,37,6,446,3,0
52,0,5,5,5,459,74,1
31,0,18,21,4,967,95,2
41,0,5,24,3,471,48,1
44,1,1,17,2,719,6,1
46,0,17,16,2,369,10,1
47,0,12,11,5,899,91,2
35,1,8,5,3,933,53,1
34,0,18,25,5,491,86,2
22,2,12,26,2,922,44,0
56,2,10,7,3,136,22,2
26,0,0,18,8,366,27,0
40,1,6,41,4,911,56,2
28,2,14,0,6,183,25,1
58,1,0,28,9,587,24,2
37,1,11,44,1,286,53,1
23,2,6,48,4,471,28,0
44,1,14,34,8,374,82,2
33,2,18,39,2,653,96,1
28,1,0,13,8,748,35,0
45,2,16,34,5,536,13,0
21,0,16,47,3,510,77,2
39,2,2,44,6,801,34,0
47,2,11,19,7,578,29,1
26,2,5,48,5,249,91,0
27,2,10,12,4,919,16,0
54,1,2,37,5,509,66,1
33,0,7,48,4,629,79,0
36,2,13,45,7,72,29,0
55,1,13,48,0,281,92,0
59,0,9,7,6,915,44,0
23,0,1,42,9,959,78,1
21,0,13,19,9,359,88,0
25,0,8,32,1,9,50,1
23,2,2,25,8,210,46,0
48,2,7,38,0,834,52,0
37,1,15,20,9,151,63,0
45,1,1,48,5,4,37,0
53,1,5,41,8,194,63,1
29,0,11,42,0,953,86,1
55,0,4,40,3,282,88,1
33,2,1,8,3,463,6,2
50,0,15,23,8,112,21,0
34,0,4,36,4,270,80,0
27,0,14,48,4,162,81,1
33,1,11,40,5,459,40,2
42,1,3,16,0,104,73,0
59,2,14,23,0,692,9,1
40,0,10,20,8,555,56,0
35,0,15,38,2,281,6,0
37,2,5,40,3,686,49,1
43,0,13,38,0,161,90,1
45,0,17,12,8,982,51,0
44,1,11,10,7,350,32,0
48,2,10,45,1,433,0,1
34,2,12,18,7,851,52,0
20,2,10,10,6,139,59,0
44,2,15,12,5,470,33,1
26,1,14,45,0,131,3,0
28,1,14,44,6,86,16,0
43,0,3,0,9,687,3,2
20,0,10,39,6,182,42,1
27,0,18,43,8,367,89,2
43,0,14,18,0,128,3,2
30,1,3,11,1,245,0,2
36,2,12,7,8,600,70,0
27,1,18,7,8,577,93,0
54,0,1,44,5,669,49,2
54,1,13,11,5,898,72,2
52,2,3,47,3,377,60,2
24,2,15,32,3,148,34,0
58,1,19,44,4,984,7,2
47,1,13,25,2,851,23,2
26,1,14,38,0,432,82,1
28,0,2,27,0,627,35,1
27,1,7,4,6,725,49,0
31,1,15,7,0,468,42,1
53,1,9,24,0,445,26,1
52,2,3,26,2,480,31,1
42,2,17,45,9,883,77,0
43,0,1,22,3,293,17,1
56,0,16,29,3,764,27,0
54,2,12,44,1,142,28,2
59,2,3,46,0,249,15,1
41,2,10,22,2,877,98,0
46,1,6,48,3,947,46,1
54,1,11,46,2,974,58,2
20,2,9,19,7,301,30,0
54,1,6,17,9,24,3,0
56,1,12,17,0,788,36,0
33,0,6,1,1,983,16,2
22,2,16,3,6,888,38,2
20,2,9,29,3,889,47,2
24,1,9,32,7,900,45,0
45,2,3,35,2,69,89,2
33,0,19,17,5,624,47,1
58,0,3,36,8,874,38,2
46,0,6,18,0,111,3,0
28,2,0,46,0,363,29,1
34,2,11,27,7,302,29,2
34,2,12,39,2,470,21,1
45,2,9,19,4,963,74,1
32,2,14,48,0,90,65,0
51,0,12,32,4,529,11,1
58,1,8,11,5,660,93,1
51,0,8,14,7,987,35,0
23,2,14,40,2,738,17,0
49,0,9,38,2,725,89,0
56,2,9,1,9,871,52,1
42,2,7,28,8,662,70,1
58,0,15,40,3,191,0,1
34,2,16,9,3,962,57,0
48,1,4,1,6,551,89,2
55,2,3,10,1,241,86,1
32,1,17,12,7,137,89,2
51,1,18,9,5,344,5,0
26,2,3,13,2,179,69,1
41,0,6,17,8,711,43,2
47,1,9,8,4,502,71,1
21,0,17,38,7,202,23,1
25,1,18,27,6,572,85,1
47,2,3,2,7,191,18,2
47,2,9,19,6,4,17,0
39,1,0,5,2,889,94,1
49,2,17,26,1,236,29,0
30,1,4,1,6,692,41,0
47,2,14,28,2,310,32,2
44,0,16,37,2,548,73,2
58,2,2,2,1,55,11,0
52,0,11,15,3,442,93,1
20,2,1,29,7,236,26,2
46,0,0,39,0,869,38,1
32,2,16,1,0,860,8,1
22,0,15,16,4,196,20,1
58,1,4,40,4,584,75,0
25,1,14,11,0,570,28,1
27,0,2,34,5,751,32,0
46,2,6,42,0,513,61,0
28,0,10,0,4,448,14,1
56,2,9,44,8,359,1,1
52,1,8,14,4,699,51,1
43,2,13,25,5,818,43,1
34,1,12,36,7,29,53,0
51,2,1,20,0,778,17,1
51,2,2,48,1,987,2,1
43,2,6,30,8,107,6,0
31,0,17,24,2,843,42,2
58,0,2,22,5,934,81,2
21,1,9,23,4,601,37,0
22,1,6,37,1,716,36,2
56,0,8,27,6,890,57,0
36,1,16,20,3,967,32,1
21,0,10,42,0,958,58,1
21,2,6,17,3,959,94,2
47,1,13,35,5,444,10,1
42,1,18,34,6,892,67,2
56,0,3,44,6,437,81,2
51,1,5,8,6,731,67,1
52,1,9,37,2,889,97,1
20,2,6,29,5,605,92,2
38,1,12,43,7,456,87,1
21,2,13,33,3,614,21,0
45,0,3,31,7,734,65,1
51,1,7,2,1,697,43,1
25,2,4,2,9,980,5,0
51,0,0,27,8,695,41,1
23,1,3,43,8,494,24,1
30,0,2,14,7,673,56,2
36,1,8,40,9,246,84,1
57,0,7,22,9,542,54,1
43,0,0,39,0,563,15,0
24,2,5,10,1,856,94,2
53,0,8,47,5,587,13,2
25,1,6,31,9,896,38,2
41,1,3,35,4,438,27,1
30,2,12,32,8,277,95,2
35,1,16,23,4,551,91,0
52,1,1,38,1,612,50,2
28,1,4,33,9,110,48,0
25,0,11,27,3,384,8,2
35,0,7,36,8,832,57,2
48,1,5,6,0,760,44,0
22,2,7,3,0,190,21,2
39,0,17,36,6,489,31,2
55,2,2,0,2,693,68,2
38,1,11,0,9,425,86,1
45,1,2,46,1,404,68,0
22,0,5,19,8,334,41,2
38,1,1,18,2,208,52,0
39,0,11,28,1,21,95,0
51,1,1,9,7,677,58,0
26,1,5,17,9,610,73,2
52,0,16,27,5,207,38,2
59,0,2,34,5,7,14,0
58,0,1,42,9,701,70,1
37,1,19,46,6,686,28,0
59,1,7,30,6,784,2,1
20,2,11,26,5,528,82,0
30,0,3,10,3,601,9,0
47,1,4,48,8,652,91,0
44,1,12,48,5,656,28,2
42,0,14,37,3,165,78,1
50,2,15,4,2,848,34,1
49,0,9,7,3,495,5,0
54,2,15,33,2,589,11,2
26,1,11,47,1,428,37,2
35,2,16,11,4,773,76,1
45,1,15,37,1,162,92,2
21,0,11,0,5,365,18,1
20,0,7,30,2,525,66,1
31,0,19,3,5,238,7,1
24,2,2,48,9,71,7,2
56,1,15,44,8,444,83,1
51,0,12,49,0,654,46,1
28,0,18,4,5,821,3,0
54,1,7,29,8,508,50,1
38,0,4,23,3,794,84,1
35,1,19,2,1,268,66,0
22,1,7,10,3,752,44,0
39,1,11,44,0,414,7,2
43,1,0,3,2,244,86,1
52,1,19,25,9,674,15,2
43,2,5,26,8,59,76,2
30,0,17,45,9,5,66,0
27,2,7,42,4,708,8,2
55,0,6,26,5,981,59,1
57,2,0,41,2,569,77,0
59,1,15,49,4,816,76,1
39,0,11,5,7,406,70,1
54,0,5,14,5,216,14,0
44,2,19,29,3,929,70,1
54,2,1,41,1,25,97,0
44,0,13,36,8,814,40,1
48,2,3,36,0,4,21,0
37,2,0,41,0,985,23,2
37,2,17,36,3,531,43,1
21,1,12,34,6,389,0,0
54,1,1,22,0,709,9,1
35,2,8,5,8,570,79,1
55,2,1,3,3,447,71,1
52,1,8,17,2,753,55,0
23,1,0,8,0,145,88,2
52,0,10,48,9,387,49,2
33,0,2,28,3,784,11,2
40,1,19,12,8,248,88,0
39,2,3,46,9,525,80,2
27,2,17,16,5,461,59,0
26,2,5,44,5,12,25,1
22,2,2,31,0,902,77,1
36,0,10,47,9,383,40,2
52,1,14,21,1,555,35,0
31,2,4,3,5,886,22,1
41,0,19,4,1,398,42,0
41,2,9,36,2,18,5,0
49,1,11,40,3,574,68,1
57,0,14,48,4,490,42,0
57,1,16,12,8,750,24,1
27,1,9,33,3,418,17,1
46,0,5,44,8,336,61,1
46,0,17,21,9,418,12,0
53,0,12,22,2,914,42,1
40,0,2,2,7,915,77,0
49,0,9,41,0,611,27,1
52,0,13,33,8,674,17,1
47,0,5,31,8,927,58,2
52,2,2,44,9,121,59,2
24,1,15,48,1,431,62,2
38,0,6,20,3,43,56,0
23,2,19,45,7,871,91,0
54,2,13,43,6,919,50,1
36,2,8,20,0,316,55,1
47,1,14,43,4,380,26,1
49,0,2,10,6,144,31,1
48,2,1,38,3,326,8,0
25,1,1,3,0,362,95,1
54,1,2,0,8,49,83,1
56,1,17,27,4,64,91,2
43,2,13,23,1,354,96,1
48,0,19,34,7,799,67,1
50,2,17,12,1,163,45,1
54,2,9,46,2,140,97,0
52,0,1,33,9,965,66,2
40,0,0,10,0,825,25,1
51,0,3,35,1,127,7,1
42,1,13,16,6,397,5,2
52,0,0,34,9,932,79,1
22,2,13,17,1,879,23,0
37,0,15,39,5,462,47,1
44,2,13,21,2,750,93,0
50,1,19,23,3,835,44,0
22,2,2,18,7,807,12,1
59,2,2,36,2,186,68,2
43,0,8,38,9,719,24,0
51,0,5,20,5,731,19,2
41,2,12,7,0,911,81,1
42,0,1,27,6,189,81,0
21,1,7,4,7,387,65,1
46,1,1,16,7,428,73,2
21,0,3,36,2,857,44,1
45,1,14,35,9,283,46,1
36,0,3,18,0,863,62,0
59,2,12,26,8,236,75,1
52,2,11,33,5,193,76,1
28,1,12,10,8,286,54,1
58,0,13,44,6,770,74,0
48,0,19,46,0,757,18,2
45,1,17,11,0,135,34,2
54,2,5,20,5,791,52,1
44,1,10,10,4,782,25,0
43,2,1,38,8,170,13,1
32,0,18,27,1,158,44,2
26,2,18,4,7,200,43,0
55,1,4,16,4,486,87,2
39,0,18,19,1,556,64,2
20,1,1,40,9,961,50,0
27,1,9,45,5,775,42,0
35,2,1,11,9,582,85,1
33,1,10,5,7,503,22,1
31,2,17,16,3,875,55,2
42,0,14,18,1,370,18,0
34,2,8,25,4,102,81,0
47,0,18,47,1,124,75,1
53,2,8,43,1,312,54,2
21,1,2,43,5,975,91,2
51,2,8,31,9,994,91,1
42,2,13,5,8,797,59,0
41,0,18,35,3,457,58,1
44,1,6,37,5,229,32,1
41,2,15,10,6,657,18,1
41,1,15,32,5,881,27,1
25,2,0,23,7,196,51,0
34,2,3,22,3,884,48,1
56,1,3,14,0,732,36,0
52,2,6,26,6,422,25,1
27,1,7,10,2,571,98,2
24,2,16,49,5,609,97,0
58,0,4,16,1,170,98,2
23,1,6,13,8,381,39,1
25,2,19,26,0,172,79,1
51,2,19,17,5,662,37,1
49,0,3,27,5,452,76,0
54,1,5,46,4,349,86,2
59,2,6,46,4,901,53,0
35,0,17,3,0,951,21,0
32,2,4,6,9,633,15,1
49,1,19,44,4,493,27,2
38,2,2,34,1,619,34,1
36,2,6,47,6,3,59,0
38,2,13,8,2,92,44,1
47,2,6,7,3,918,45,2
45,0,4,44,2,5,71,1
56,0,4,16,2,287,54,2
45,1,1,16,3,617,85,2
42,0,5,48,4,145,84,1
28,0,14,32,0,782,25,0
31,1,9,31,3,423,84,1
20,0,6,7,7,889,24,0
20,0,4,18,9,607,64,0
53,1,0,37,6,456,5,1
51,1,12,2,8,740,22,0
44,1,17,4,4,201,63,0
59,2,12,12,9,211,86,1
20,2,17,46,3,5,42,1
35,1,4,45,7,623,22,1
58,1,12,30,8,375,95,0
24,1,3,15,6,890,29,2
41,2,16,49,6,446,76,0
48,2,2,31,4,834,17,2
22,0,16,21,3,105,86,1
31,0,10,28,9,650,78,2
45,1,19,21,0,810,96,1
35,2,3,42,9,400,20,1
56,2,1,2,9,95,56,2
41,2,19,9,6,387,22,1
48,1,15,41,0,958,90,2
33,0,17,20,0,451,44,1
47,1,7,15,4,848,43,0
24,0,2,11,8,808,81,0
49,0,8,1,5,978,87,1
24,1,19,40,2,900,46,1
31,0,5,23,2,415,39,2
35,0,9,34,6,725,50,0
45,2,9,29,5,503,41,2
45,0,12,29,8,453,6,1
40,1,16,46,5,290,49,1
58,1,8,34,4,533,47,2
55,0,16,18,9,192,83,1
52,2,8,49,6,979,90,0
49,2,8,7,0,149,5,2
56,0,0,25,6,879,90,0
42,0,1,48,2,758,8,0
29,1,15,39,8,778,56,0
24,0,0,6,5,972,30,2
55,2,9,29,8,762,20,1
53,0,17,6,4,514,89,0
50,1,7,2,6,392,39,0
29,1,10,0,3,315,44,0
38,1,1,35,6,75,76,1
51,1,7,24,0,598,48,1
20,1,7,36,6,269,86,2
24,0,16,0,7,224,19,1
23,0,14,14,4,529,91,2
35,0,16,36,1,112,16,2
43,0,12,12,4,250,27,2
35,1,18,39,5,232,40,2
21,2,4,7,1,840,65,2
47,0,11,4,5,790,24,0
51,2,0,8,5,713,57,1
46,0,4,0,0,82,40,0
39,0,7,35,0,124,5,2
43,2,12,34,9,174,74,1
31,1,7,1,2,68,37,0
54,0,10,39,9,46,5,0
52,0,0,22,9,883,44,2
52,0,12,8,2,255,74,0
56,2,18,33,3,726,13,0
31,1,2,45,1,29,65,0
22,2,16,13,8,280,39,0
20,2,4,3,9,923,2,0
52,1,19,29,6,993,98,2
59,2,7,30,6,236,96,2
29,1,13,37,5,247,23,0
48,0,3,10,2,367,18,2
32,1,10,34,5,494,17,2
31,0,19,7,7,24,63,1
50,2,14,2,7,585,87,0
21,2,18,13,8,717,34,2
54,0,6,12,0,489,61,2
42,2,18,44,0,493,0,0
36,1,18,31,2,313,99,1
45,0,10,33,2,605,24,0
27,2,4,44,9,374,44,1
48,0,4,18,7,638,48,0
45,1,7,37,9,936,97,0
29,1,9,15,0,24,88,0
45,2,5,1,1,333,15,0
53,1,14,39,1,354,97,1
26,0,15,16,2,115,92,1
23,1,16,33,5,47,18,2
30,0,7,41,0,737,22,0
48,0,7,15,1,777,82,1
55,1,8,37,0,98,24,1
44,2,1,1,4,458,15,1
40,1,14,1,6,522,53,0
55,0,17,25,7,596,72,2
29,0,2,12,9,404,0,1
56,1,16,46,0,213,41,0
28,2,3,30,6,684,18,1
43,2,3,33,4,902,96,1
54,0,13,38,9,502,33,2
54,0,8,2,0,720,79,1
55,2,8,7,2,447,54,1
37,1,17,22,6,893,17,0
58,0,9,13,9,575,33,0
51,0,3,26,0,257,88,2
43,2,11,28,6,843,44,0
42,1,7,38,4,120,5,0
51,2,1,38,0,809,20,2
56,1,12,0,0,977,69,1
31,1,15,16,0,53,95,2
32,1,1,40,8,330,47,0
42,0,10,29,2,783,38,2
44,2,9,12,4,240,30,1
54,2,14,20,9,754,9,2
49,1,16,18,8,529,29,0
36,0,7,18,5,482,17,0
39,0,17,24,8,186,59,2
44,2,8,21,7,857,87,1
41,0,7,30,7,655,72,2
32,0,13,16,0,261,94,1
38,1,17,22,8,952,14,1
55,0,19,31,5,363,3,2
31,1,19,9,8,490,62,1
38,2,11,9,2,430,39,0
31,0,18,35,2,238,8,2
28,2,13,7,5,303,8,1
26,2,16,19,8,297,25,0
47,0,2,31,6,75,3,2
33,0,6,49,2,699,80,0
50,2,16,13,2,332,15,0
38,0,11,49,1,899,14,0
35,1,8,27,8,998,98,1
24,1,14,45,2,757,51,2
54,0,17,23,4,641,68,2
31,2,12,14,8,473,4,1
44,0,7,21,7,826,19,2
40,0,13,29,1,922,78,0
55,2,7,3,2,282,17,2
42,2,13,12,1,590,1,1
35,1,6,22,7,71,92,0
58,2,11,7,5,262,12,1
58,1,10,17,5,702,3,0
33,2,10,11,8,878,41,0
50,0,12,30,7,886,73,2
24,1,17,13,3,941,60,0
54,1,1,33,3,574,94,1
42,1,14,17,8,999,7,2
48,0,19,33,0,891,66,1
30,0,17,10,1,11,62,0
37,0,14,40,1,140,8,1
31,0,18,11,5,765,93,1
28,0,11,48,3,554,10,0
29,1,12,14,9,16,98,2
36,0,10,30,2,62,41,1
57,1,4,48,2,252,12,0
26,0,0,28,2,464,35,2
32,2,2,25,5,375,12,2
59,1,18,17,7,803,11,2
28,2,6,31,6,980,36,1
46,1,11,21,3,519,73,1
21,2,14,37,3,836,72,1
24,0,4,16,9,89,51,2
48,0,14,22,1,719,70,1
56,0,7,23,0,803,1,0
57,1,9,49,8,795,55,1
38,2,15,7,1,629,59,1
27,0,7,40,7,860,22,2
20,2,0,5,8,174,39,1
41,2,11,4,3,75,63,0
36,0,4,43,7,612,84,2
26,0,2,28,8,925,22,0
44,2,0,27,9,662,28,2
23,0,3,10,9,399,77,2
55,0,7,0,4,781,89,1
25,0,2,42,6,969,50,0
50,1,9,18,9,70,68,2
38,2,1,8,3,179,94,1
58,2,10,26,0,123,88,2
46,1,9,33,2,380,30,2
29,2,13,43,4,292,49,2
45,0,6,3,2,796,19,2
38,2,1,35,6,194,54,2
58,0,8,17,8,910,80,2
22,1,15,14,5,227,1,1
32,0,12,12,9,430,24,2
47,2,8,18,0,941,12,0
39,2,19,48,6,435,91,1
47,2,3,5,2,786,69,0
27,1,9,47,4,460,66,2
58,1,11,11,9,617,57,0
20,2,16,36,3,20,98,2
22,0,13,16,9,63,81,2
32,1,13,22,4,164,74,1
47,2,1,25,4,26,83,1
44,2,19,28,5,310,63,2
52,1,10,32,9,284,68,1
57,1,15,26,9,659,82,0
25,1,18,24,5,280,85,1
51,0,5,9,7,837,58,1
40,0,18,46,7,830,59,0
35,2,4,22,8,163,82,1
40,1,3,20,7,897,61,2
30,0,14,20,1,917,15,0
56,1,3,42,9,223,87,2
55,2,19,12,0,783,67,0
54,0,9,36,9,145,14,2
38,0,2,32,1,964,88,2
39,0,4,23,1,949,54,1
37,2,5,43,2,867,34,2
33,1,7,10,9,29,54,1
34,0,6,16,6,44,13,0
50,2,9,3,1,786,48,2
20,1,5,46,0,470,82,2
22,2,13,24,5,33,99,0
35,1,3,29,8,652,6,0
42,2,12,8,2,426,29,2
30,1,19,20,5,829,82,0
31,0,16,19,2,885,48,1
29,1,6,18,0,220,88,0
51,2,3,18,4,867,15,0
35,2,13,11,9,533,50,2
27,1,2,36,3,691,71,1
57,0,4,41,6,947,81,0
31,0,15,16,5,366,91,1
43,1,19,36,9,931,79,1
47,1,3,47,6,840,82,1
27,2,1,38,4,742,41,2
47,0,17,27,3,914,16,0
55,1,18,40,6,549,62,2
45,0,18,34,6,581,44,0
27,1,16,46,5,115,76,0
47,1,13,47,7,238,6,2
47,0,18,17,3,334,26,1
56,1,12,13,9,440,9,1
55,1,11,34,4,147,33,0
46,2,5,43,3,8,35,2
36,1,3,40,0,287,24,1
28,1,18,6,7,387,5,1
52,1,15,40,0,49,23,0
39,2,12,12,4,849,17,0
32,0,3,17,5,516,86,2
47,2,16,36,5,915,5,0
48,2,0,12,4,854,28,1
32,0,17,35,2,637,24,1
54,2,19,30,4,586,54,1
25,0,16,1,7,676,80,1
37,2,14,15,1,277,45,2
24,0,10,8,5,953,23,2
44,1,12,8,8,835,74,0
21,2,0,37,7,988,25,0
29,2,16,10,7,299,97,0
49,2,5,21,7,801,27,2
24,2,3,32,6,588,2,1
52,1,19,35,7,809,74,0
20,2,15,44,5,648,37,1
37,1,14,22,1,617,60,0
51,1,14,44,1,606,77,0
30,1,5,44,7,134,50,0
40,1,14,33,0,579,89,0
45,0,13,8,5,146,47,0
44,0,10,23,5,489,20,1
41,2,6,7,3,477,53,0
46,0,8,6,9,158,55,1
32,0,15,35,2,383,93,2
52,2,4,17,2,162,58,0
53,2,19,2,0,440,71,1
54,2,9,27,2,852,50,2
20,0,17,5,3,188,19,2
40,0,2,43,4,414,95,2
25,2,12,43,2,338,85,1
47,1,10,20,5,606,58,0
36,2,16,27,4,180,70,0
24,1,12,39,2,287,8,1
50,1,5,0,5,833,0,0
24,2,16,35,5,186,28,1
57,2,12,20,7,883,62,0
22,2,18,42,1,137,71,2
42,0,18,34,0,129,55,0
56,1,9,12,3,193,67,1
56,0,2,48,6,315,34,1
29,0,13,9,9,983,2,2
29,2,18,43,2,784,6,1
38,0,4,46,2,863,26,0
36,2,4,9,4,143,0,0
40,1,19,45,4,15,90,2
33,2,16,12,9,301,79,1
28,0,9,36,2,422,70,2
20,0,4,37,8,244,43,0
32,2,3,23,3,926,86,2
23,2,5,1,2,106,40,1
20,0,3,21,1,87,74,2
59,1,6,16,9,128,41,1
51,1,6,35,8,906,32,1
53,2,17,13,3,886,49,0
47,1,2,9,2,340,62,0
50,0,0,34,6,3,99,0
27,2,3,24,7,326,36,1
58,0,5,2,1,409,58,2
45,0,8,46,6,878,80,1
53,1,13,37,4,305,98,0
22,2,11,16,4,907,47,0
31,2,19,11,2,606,4,2
20,1,3,23,4,720,47,0
24,0,11,28,1,224,95,0
49,0,9,42,3,970,2,0
49,0,6,24,5,347,46,2
36,0,2,35,0,991,61,1
42,2,13,25,9,320,98,0
34,2,9,37,3,558,13,2
56,1,15,0,5,987,62,0
40,1,15,19,8,180,60,2
33,2,9,27,1,617,30,0
21,2,12,15,6,710,94,2
30,0,5,46,5,385,16,0
58,0,11,16,1,617,23,1
57,1,8,39,7,791,22,0
53,2,12,27,6,771,81,2
57,1,3,11,4,107,49,0
53,2,10,26,4,530,77,1
37,0,19,41,6,409,78,0
49,1,17,46,8,970,78,2
34,1,10,29,8,295,69,2
46,2,3,40,8,817,26,1
53,0,17,33,5,170,14,2
57,1,0,36,9,330,49,0
52,0,6,5,5,492,35,0
43,1,5,6,2,194,7,0
34,0,14,31,0,11,78,2
49,2,17,31,6,194,2,0
36,1,10,24,3,489,61,0
24,1,19,32,0,794,46,0
48,0,14,6,7,880,76,1
23,0,15,11,5,181,97,2
29,1,6,15,5,961,87,2
36,2,9,15,1,816,95,2
29,0,11,42,0,655,60,1
36,0,13,35,1,897,31,2
39,0,4,12,3,315,93,1
43,1,17,6,1,693,12,1
24,1,4,35,0,29,0,2
53,1,2,46,6,595,33,0
25,1,4,8,7,677,61,0
21,2,16,31,5,795,78,2
32,2,18,10,3,792,77,2
30,1,18,7,5,95,92,1
42,2,11,32,2,380,97,2
35,0,8,22,7,777,81,1
50,0,0,24,9,443,70,2
30,0,17,7,1,297,92,0
35,1,3,44,4,807,30,0
27,0,9,21,0,736,63,2
23,2,6,3,5,844,24,1
59,1,0,39,1,360,37,0
23,2,16,2,3,373,13,1
44,0,1,28,5,553,7,2
22,0,10,40,9,302,90,2
51,0,8,28,7,420,53,0
22,1,6,33,7,245,1,2
46,2,16,33,5,719,80,0
48,1,16,27,3,236,77,1
51,1,1,12,7,533,88,0
38,0,5,14,7,184,55,0
40,1,13,22,9,467,93,1
24,1,5,43,0,753,92,0
37,0,1,25,3,362,83,0
47,1,0,3,3,282,84,2
41,0,9,25,6,552,60,1
40,0,4,39,6,335,21,0
25,0,1,8,7,161,34,1
20,0,15,4,4,159,15,1
24,1,1,31,6,473,49,0
31,0,9,19,7,600,42,2
45,0,1,49,8,321,16,1
53,1,15,10,2,11,79,0
33,1,15,14,2,423,57,1
45,2,18,31,3,72,1,2
46,1,6,27,4,587,3,2
28,1,11,21,9,857,84,2
45,2,14,40,0,200,38,0
41,1,7,16,6,521,97,0
49,1,5,25,8,863,93,2
36,1,9,43,7,504,5,0
45,1,2,6,4,737,80,2
55,2,18,41,3,687,88,0
20,1,16,25,6,787,68,2
27,1,6,24,4,38,68,1
54,2,19,9,6,59,19,2
34,0,3,44,0,577,63,2
41,2,13,18,0,320,15,0
33,0,19,10,9,434,50,0
45,2,14,12,2,635,36,0
47,2,7,7,1,675,72,0
42,1,14,39,1,407,68,0
33,0,19,3,6,922,41,0
43,1,13,46,9,385,56,1
21,0,8,30,1,670,65,2
45,2,7,27,3,568,8,2
33,2,16,10,1,77,99,2
26,0,1,42,5,193,85,1
22,1,2,0,7,284,63,2
42,1,7,48,9,526,85,1
37,1,11,46,3,523,21,1
57,1,0,37,4,612,33,1
54,2,9,23,3,155,54,2
34,2,19,46,2,339,28,1
44,2,2,30,4,124,37,2
56,2,5,40,8,870,96,2
47,2,6,45,7,279,17,0
29,1,19,49,7,916,70,0
58,1,17,25,7,905,64,1
36,1,10,48,7,621,96,1
58,1,18,49,6,845,0,2
41,2,4,4,7,868,87,1
45,2,18,19,7,657,3,1
44,2,10,40,7,727,3,2
36,0,11,10,9,909,81,1
32,1,9,32,6,673,26,1
39,1,7,49,0,127,42,2
44,2,8,37,3,313,58,2
23,1,3,26,3,331,31,0
29,1,4,33,4,149,32,2
22,2,7,14,9,453,27,0
37,0,8,31,5,35,54,1
55,0,14,20,3,684,99,2
41,0,14,45,1,419,59,2
53,2,15,4,5,21,69,2
27,1,13,5,7,205,61,1
59,2,7,37,7,638,79,0
38,2,17,21,6,847,33,1
56,1,9,17,5,956,86,1
25,0,19,13,1,355,87,2
45,0,5,9,6,439,55,0
53,2,11,45,4,728,12,1
25,0,1,12,5,95,55,2
56,2,6,30,9,928,17,1
52,2,15,29,7,940,53,1
41,1,2,2,7,163,76,2
40,1,12,29,2,147,42,2
25,1,2,5,6,529,38,0
25,2,17,28,0,293,60,1
23,1,10,7,0,194,41,2
49,0,7,43,6,662,80,2
30,0,5,44,9,479,78,0
49,2,0,42,8,876,17,0
50,2,0,43,6,122,22,2
43,1,7,32,9,399,53,0
28,2,4,16,4,698,29,2
22,2,15,47,7,964,97,1
50,0,10,10,1,451,57,0
59,0,4,12,8,660,67,1
56,1,3,49,5,103,66,1
55,2,5,10,8,754,70,1
43,2,13,30,1,461,17,2
50,0,18,27,2,742,6,1
25,2,8,43,7,990,39,1
21,0,11,5,0,717,69,1
39,1,10,40,9,709,85,2
47,0,13,15,6,395,64,1
30,2,15,3,6,911,67,1
23,1,0,34,0,336,48,0
34,0,12,47,8,598,51,2
25,0,12,25,7,141,28,1
49,1,1,11,3,316,20,0
57,1,3,10,9,710,89,2
21,0,5,36,4,557,77,2
34,2,4,24,1,799,8,2
30,0,2,17,8,526,46,2
27,1,0,18,5,555,75,2
45,0,3,22,2,400,41,2
24,1,19,37,6,680,50,1
25,1,1,17,8,309,55,1
45,2,4,25,2,494,50,1
23,1,2,5,1,555,69,1
38,1,8,3,6,609,19,0
39,2,19,43,6,772,87,1
52,1,5,28,3,108,26,2
39,2,17,33,8,794,37,1
31,2,5,16,7,371,71,1
20,1,18,42,0,854,64,2
45,1,11,42,0,615,53,1
33,0,10,15,4,767,23,1
57,2,1,1,5,890,46,1
56,0,14,33,2,205,70,0
30,1,11,7,8,846,82,1
55,0,11,12,9,42,85,2
32,2,8,41,5,864,62,2
22,0,1,7,3,244,56,1
52,2,2,29,6,286,54,1
25,1,11,31,7,354,59,1
29,1,15,35,8,784,98,2
24,2,0,46,5,475,61,2
42,1,2,29,5,82,29,0
29,1,19,0,7,109,92,0
21,1,1,42,4,949,21,0
32,1,8,38,2,189,74,2
59,2,18,16,2,982,83,0
21,0,14,19,5,799,28,1
39,0,17,23,1,935,40,1
20,1,10,49,5,908,41,2
56,0,15,21,5,250,97,0
28,0,16,28,7,723,64,1
36,1,4,21,6,290,30,2
28,1,11,43,7,644,29,0
30,0,10,8,8,200,17,1
34,2,14,36,5,796,16,0
43,1,2,9,2,325,37,2
57,2,0,35,9,510,13,0
54,0,19,36,2,408,86,2
49,1,15,27,0,606,88,0
50,2,1,27,4,789,78,1
24,1,1,41,3,961,55,2
33,0,2,42,8,940,21,2
30,2,7,20,8,836,66,2
28,0,14,23,4,507,55,0
53,0,6,41,9,730,18,0
31,1,5,39,3,600,56,1
54,2,8,1,6,71,43,2
54,0,19,7,5,246,97,2
20,0,0,47,3,640,34,0
59,2,7,26,9,723,0,0
41,0,2,21,1,939,51,1
48,0,3,36,0,854,84,1
27,2,14,26,3,607,92,0
30,2,5,28,3,586,69,2
56,2,14,2,0,934,36,1
33,2,2,43,5,565,64,0
49,1,13,12,3,343,50,0
54,2,19,44,0,970,0,2
40,1,13,9,0,924,90,0
56,1,3,35,0,53,20,0
24,1,11,8,7,729,52,1
38,0,16,26,9,527,15,0
33,1,6,33,7,610,60,0
45,1,8,0,1,531,53,1
23,0,2,31,6,557,39,2
44,0,12,24,7,962,25,2
44,0,14,28,7,192,79,1
37,2,17,6,9,894,91,1
59,0,18,48,6,57,64,2
27,0,0,2,4,436,99,2
58,1,5,19,0,110,73,2
59,0,1,19,8,128,63,2
33,2,13,29,6,848,42,2
51,0,5,34,1,705,16,1
57,2,13,34,5,924,58,0
52,0,3,48,1,851,22,2
42,0,7,38,0,325,6,2
34,0,2,26,6,7,43,0
52,0,18,25,1,28,52,0
44,2,13,13,1,111,70,0
36,2,19,16,4,946,78,0
52,1,16,17,4,672,33,0
21,2,7,44,6,130,45,0
33,0,13,28,0,187,67,1
59,1,5,19,7,674,77,0
59,1,15,26,2,708,77,0
58,1,18,17,3,474,15,1
25,0,13,3,8,363,70,0
25,2,18,0,3,203,95,2
22,0,2,49,9,211,18,2
26,1,9,0,4,620,1,0
27,0,18,25,6,275,9,1
34,0,8,44,3,72,49,2
48,2,19,19,0,678,80,1
52,2,12,22,8,771,11,2
49,1,6,9,3,242,69,0
58,0,13,10,8,786,21,1
46,0,8,40,5,101,31,1
55,2,18,40,0,986,83,1
48,0,14,4,2,684,0,2
57,0,19,0,1,170,53,2
52,0,13,16,8,652,57,2
56,2,5,21,0,908,69,0
46,1,3,33,8,187,82,2
52,1,7,44,8,440,17,0
23,0,16,40,7,85,5,1
41,1,8,28,7,475,44,1
21,2,0,3,0,51,96,0
29,2,19,4,7,110,22,2
24,1,13,10,9,948,22,0
29,1,10,20,2,876,25,1
52,0,2,34,6,853,76,1
57,1,8,11,0,42,6,0
32,0,13,25,0,210,78,2
50,0,8,18,9,967,43,2
55,2,3,44,4,199,26,0
43,2,3,6,4,809,25,0
34,2,7,46,7,857,96,2
48,2,1,6,6,751,78,1
27,1,8,25,7,626,35,0
24,2,13,39,5,25,54,2
48,1,8,4,5,918,63,2
23,2,15,20,1,298,90,1
31,1,16,13,5,76,56,1
21,0,15,3,4,923,68,1
46,1,11,22,2,136,60,1
50,1,2,41,5,19,1,1
55,2,10,19,7,439,54,0
55,1,13,14,8,210,96,2
45,0,17,49,0,751,79,0
46,0,4,44,2,550,86,0
24,2,15,28,2,434,37,0
39,0,19,7,7,779,79,0
30,1,4,40,0,206,77,0
29,0,2,47,4,990,28,1
59,2,11,18,2,438,25,1
57,1,0,47,1,973,34,2
25,2,8,38,7,778,78,0
27,1,8,45,2,665,66,2
42,0,3,27,6,41,86,1
45,2,2,45,0,410,28,1
31,2,16,26,5,522,33,1
45,1,1,3,2,805,96,0
32,2,0,14,7,609,40,0
59,1,7,34,5,426,40,1
37,1,12,36,1,274,22,2
44,1,14,0,5,447,70,2
52,1,7,2,6,901,2,1
59,0,11,46,4,941,57,2
31,1,11,23,2,883,31,1
55,2,13,26,3,741,30,2
23,0,14,39,3,368,81,1
24,2,14,35,5,937,42,2
56,0,8,33,9,219,6,0
27,1,18,28,0,576,0,1
47,0,19,23,3,866,60,1
50,0,7,23,9,231,13,2
28,2,18,41,3,327,51,1
48,2,5,3,9,442,95,1
